label	text_a
3	it was ammusing.hehehe.But yea overall I haven't had that much fun in a very long time!!
3	Haha he's my bestest buddy in Algebra, he had 'abs of steel today', &amp; just for today.
4	One of those 3 will be moving this fall, and the others have an awful lot going on in their lives, in addition to being less available than the first by a long shot anyhow.
3	Then she proceeded to call me Meghan** and went through the required but hilariously inapplicable hazardous chemicals/safety concerns set of questions while the interns around me tried to stifle their laughter.
1	i hate the word better
3	was so awesome.
4	I miss em all and they're the smartest, most responsible group I've ever been a part of.
1	im sick of looking at a computer screen.
4	I do miss them so very much, though I don't miss class at all.
3	I personally enjoyed Pirates more, but I thought Superman was far more artistically done with a fantastic story.
0	But unlike that said territory, children grow-up at some point, and most at least realize that you can't just go around pissing people off.
4	We were up there for awhile and Idk why or how, but Ryan pushed me off of this bench and I fell flat on my back scraping my hip up, which hurts ha.
5	Another interesting element was the latent patriotism that emerged during the Cup.
0	you've killed less people in the last six years than we did to ourselves in a week in 1916.
2	I'm still pretty freaked out by the piano exam next week.
3	But uncle beeve saved the day and fixed a bunch of stuff for me. Called it an early Birthday present, he is so amazing.
3	He was so good-looking.
5	and it turns out that the daughter and i both graduated from brockport this spring!
5	I weigh about 180 lbs, I'm about 5', 10", I don't have anything that seems to be wrong with me. I have these weird scars on my neck.
1	Now imagine the condensation from thousands of swamp box coolers pitter pattering on your head as you stroll down the trashy Athens streets.
4	Hurt by the world of dating.
3	Haha, except nicer.
2	The second day I went in and I was so paranoid.
0	For instance, if we feel furious it may be better to take a one hour timeout and calm down.
4	Often we fail to realize what we've lost until something becomes too distant and difficult to regain.
2	Imagine, transporting a bomb, fashioned out of a SPORTS DRINK, and triggering it with the simplistic flash of a disposable camera.
4	=o)  Although I feel like I've been on a really bad episode of 'Law &amp; Order' now.
3	That would be so awesome!
3	Yet often that temporary happiness is more intense then a balanced contentment.
1	Tricky bastards.
3	This is my year to be happy.
0	She grabbed the handlebars of my bike, and tried to push me off.
5	"Someone unexpected from your past with resurface."
3	that was sooo fun.
5	Then, another someone unexpected too.]
1	Sucks I didn't bring my camera but yeeah.
4	Really sad how we can actually sit and wonder in your one hand is God and the other hand is a movie.
3	After Drawing, I was standing at Ryan's locker, leaning back, laughing.
3	I look ahead and I want to see me being a successful missionary/psychologist, married, with kids, and a great life.
3	nothing else happened in the dream we just cuddled and it was real sweet.
4	I made me sorry that I don't actually know him.
3	Welp today has been a long tiring day lol.
3	I was laughing up at Josh Bloomfield and Peter, when someone spoke softly behind me, very fast.
2	Of course, when faced with the unknown many of us would turn around and run back.
1	First off, it's a hike to get up to this place, and I can't see worth shit in the dark.
3	Loads of fun.
1	The curse of the Bambino is taught in public schools.
3	we're friends and lovers and everything inbetween that.
3	But it was a good read, and if I did have a dream where I had sex with my mother, well, now I'd know what it means.
5	We saw Jessica's production of Medea, and were treated incredibly well by her colleagues at the festival.
3	She is so adorable!!
1	I really hate Ma'am Nario!
3	I still need to do laundry later and I need to do the dishes and then maybe just maybe I will get to lay down for a bit before he wakes upEhh prolly not lol Oh and for everyone that wants to see the baby if there is not a nice day coming up you may have to come to my house because its to cold for us to be taking him out in this weather,I don't need a sick baby along with my hundred other problems lol,that or you can come visit when we are over at my grandpas,other than that your s.o.l on seeing my lil stud muffin lol.
3	Spend 1 year answering calls for the Claims spread- and then be free to go to where-ever your heart desires.
1	Ugh.
0	Get a fucking clue.
0	I hit that bitch so hard.
3	Ms. Lawler just kept smiling awkwardly.
3	Congratulations- and Welcome to Corporate America- where the Vice Presidents and Senior Officers and Managers don't hibernate-- they walk among you.
3	Hahaha!
0	She slams on her brakes, stops her car, right in front of me, in the middle of the street, and gets out.
3	I love walking around for things to buy, and traveling less than two hours to arrive at the comics spread of my dreams won't raise too many personal hackles, let me tell you.
2	As Sean put it, it's not like Vietnam where 4 of 5 americans will die, so that really put it into perspective for me. I know he'll be safe and come home in one piece, but the scary thought still kinda lingers in the background of my mind.
3	Thank you guys.
3	mel, sully, steve, adam, gibbs, artur, erin, jacqui, will, leanne, nikki,justin, jeffy, steph, all the catherines/katies, kaela, bree, sarah grady (future president of 2005 haha), sarah p, caitlin g i love you all.
0	what the helllll.
3	Like thousands of people poured into the street last night for excitement.
3	That it is still standing for us to see is.  well, I feel very lucky.
2	I said, "He always seems so nervous."
5	though i do not mind this one tiny bit it has been odd for me.  i'm rarely the strong one.
3	Bonus!
3	I spend my time joyfully packing boxes.
3	its not that much but hey its something!
3	lol [they are cute brothers, no?]
0	The selling of top secret documents to profit off of the killing of 150 people in a mosque?
0	I'd like to tell Sally to go eat shit.
3	* A ritual I absolutely adore is going to the outdoor screenings at the Hollywood Forever Cemetery during the summer.
0	okay shut up!
5	But I think about it alot, and I wonder exactly when did he decide to die?
4	and try and sympathize with those being racially profiled ahead of me and making for an even longer wait in line.
0	What's even worse, it's copied so poorly that the last half inch of text on the far right side of the page is cut off, so as I try to read in preparation for the lab tomorrow I'm trying to coherently complete sentences and make sense of it all, which is often impossible because so much is left out.
2	I was beginning to worry I'de have to put it off for yet another term.
3	Now this newfound enthusiasm certainly was not shared by everyone.
3	Yes, we are having a small celebration today.
1	Work was fucked up.
4	She knew the kitty was not doing well (she hasn't been for a while now, but kept rallying), so it wasn't a shock at all, but still sad.
3	That's funny, I think, that we love the furries so much that we're willing to schedule our schooling around the meets.
1	Simply entering one should make you feel dirty and in want of a shower.
2	I won't pay attention in class and miss assignments, I'm always afraid I'm going to forget to do something or something's gonna spring up on me and AAAAAAH!!!
0	But this one was just full of plot holes that you could drive a truck through.
1	In fact, I bought TOILET PAPER of George Bush stupid quotes.
3	I'm the man!
4	stephen was a little abusive, mainly with words and feelings directed at me / to make me feel bad.
4	I miss you so much.
4	i was very disappointed.
5	Sometimes I wonder how in the world I made it in, and every day I wonder how I'm going to make it through.
1	She was just a pain in the ASS &amp; yeeah, sucks to be her.
1	It's pretty disgusting.
3	i just wanna have fun and be happy and simple like all my friends.
3	It was brief, and every single time, we would smile.
3	None of this is really an achievement of course, but it is nice to know that I seem to be improving in areas which were previously more difficult.
5	I must admit, I was kind of fascinated by the way her eyes, rimmed in black eyeliner, managed to stay so wide open like that.
2	That be the only reason, cos everyone is scared of driving with me.  >.> Don't ask.
3	I now have a sweet little thing, that totally depends on her mum and me to do whats best.
5	Awakening Comics #1-2 by Steve Peters &amp; friends (I reviewed his The Origin of Sparky a few weeks ago; having walked away from the table, and indeed the entire convention, I suddenly realized that I'd forgotten to actually tell Steve Peters who I was - another triumph of intellect!)
3	Thank God the exam's over.
3	The Chippendale talk was different, a highly entertaining, digression-prone ramble by the artist through his history and procedure, moderated by Dan Nadel and with extra bonus contributions from Brian Ralph, who was seated in the back of the room.
3	hehe
3	HAHA!
3	I get such a laugh out of that every time.
3	We encountered so many genuinely wonderful, helpful, content people.
3	Had a lovely birthday yesterday with Alex and Christine.
5	pshaw!
4	- Sis was coming for a visit in Nov, mom and dad decided to come along, so now abit stress booking hotels and restaurants, will be depressed when they all leave
3	As long as he is happy.
3	How cool was that?
3	lol.
4	They cause tears to run down my cheeks and make me want to fall to my knees.
3	We get drinks after work too and the food I can eat is awesome.
2	Really scared.
2	"I'm worried that too many people, both in politics and out, don't appreciate the seriousness of the threat to American security and the evil of the enemy that faces us," Mr. Lieberman said at the Waterbury event.
4	Have you ever felt longing?
3	i'm not very far along but i'm quite enjoying it.
1	all i know is i suck  (and im not looking for sympathy comments here)
3	"Happiness lies within" - the only way to be truly happy is to create it yourself and not rely on other people or things.
4	He called Yohji, missing him, wanting to talk to him.
3	How awesome is this country?
5	I'm like, "For what?"
1	UGH!
5	I must say this summer has gone by in the blink of an eye.
4	At first one of my housemates thought about possibly buying a new fridge for themselves, but that idea was sadly left behind due to monetary issues.
3	Thank you so much for everyone who came.
3	LOL.
0	My sister will remain in Michigan, so I thought I'd be coming back here occasionally, but she and I have had several vicious, scarring fights this summer.
3	Internship was pretty awesome today.
3	I love them.
0	they had to be stupid terrorists and think in their fundementalist clouded minds that they'd change the world!
0	Lots of angry costomers with half finished work, a boss who pays for the furniture but has no idea how to run a business.
1	Markets do not measure everything accurately, and I find this assumption to be disgusting.
3	It was like an exciting adventure where we walked 6 miles in the cold!
2	So I kept walking and then the other dog that crossed the street comes back running at me and I said "OHH SSHHIITTT!!!"
0	So i did, and then the second dog growls at me too, and Im like " Should I run or keep walking?"
4	I guess for me theres just no hope
3	lol,and so we figgured we would just go to Six Flags.
3	So what's a girl to do to cheer herself up?
2	"Do you worry that you're not liked?
3	Since school is just starting, we've been eating a lot, and it's funny because they are letting me get away with going first saying I am eating for two.
4	Pretty damn sad, isn't it?
3	I hope that he can learn to play well and I really do hope he is enjoying himself.
5	Curious.
0	Grrrr - I then spent the next 10 minutes or so turning everything off in the house, switching the safety switch back on, and then sequentially turning everything back on until the safety was tripped.
0	stupid ass hole!
3	A lot of good things to have, and good hands to shake.
4	"I can't relate to 99% of humanity."
2	Another apocalyptic vision last night: wandering through large rooms that are stuffy and crowded with people lying on the floor covered with sheets, most of them separate from each other.
0	I knoe im skinny but DAMN!!
3	lol jk)
1	filling, which sucks.
2	On a "big picture" scale, I'd like to believe that I still hold the same value system that I held when I was 18 years old, now a scary half-a-lifetime ago.
4	I, on the other hand, have nothing to go home to.
3	This was the best summer I have ever experienced.
4	don't know what the point in that title is for but neh >> I've been sick today and on the verge of tears._.; I don't know why.
3	Been seeing so many good friends and refilling my cell-phone contacts.
4	it makes me sad, she's a tough old bird but she's just 'not home anymore'.
3	which is crazy good, especially if I'm living with Andrea, who only asks for internet, hydro, and food.
4	I have to look at life in her perspective, and it would break anyones heart.
3	And on that note, enjoy the remainder of your Sunday.
4	Sadness Dept: Just heard on NPR that Gillo Pontecorvo died.
0	"I'm as mad as hell,
5	My sister came back from university and it was (surprisingly) nice to spend time with her again!!
4	Even just this last week there is a definite change in atmosphere around these parts that is pretty sad.
3	I had a blast in california hanging out with my family and friends.
4	He begins to speak while you're planning, "I'm sorry to have to tell you this(ok, I can move back home for a while and go back to school and work on my degree.
4	I don't want to get hurt.
2	Which, to be honest, was making Brad slightly nervous.
3	But I am still SOOOOO excited that I'll get to see him for 5 days!!!!!!!!
3	This is my year to try new things and to succeed!
1	I suppose attitudes towards women have changed a lot too, but this was so awful I threw up my hands and returned the book before leaving the library.
3	But I love it.
0	Hell no.
3	enjoying it while it lasts.
2	What's interesting about their motivations is that most of what we're supposed to be afraid of is actually simply informative alternatives to the status quo: the fear of change.
3	pretty scweet.
0	must have been a dye job gone HELLA bad.
3	Doctor says not to let them sleep on there belly for a while and thats the only way he sleeps good!
5	I found out about it on the way to Boston this weekend and I was just shocked.
0	And now the MAIN instigator in the house has come home.
3	But it was nice to get out to the movies with Holly, I don't get to see her very much at all in any role other than as "mom", and as a single male with no kids, it's hard to associate myself with "parents."
5	Inside was stunning- and FULL of people.
3	Thank you to everyone who made me feel at home.
4	Backing out of that driveway getting further and further away from you was one of the hardest things I've ever had to do.
4	i feel lost.
3	After a July of beautiful weather and great summer adventures, I traveled with my good Australian friend Kurt to a theater festival in Cyprus.
3	We had a wonderful yummy cake, fruit and veggie treats.
2	Thus, Statistics, mandatory Spanish, and the public speaking class I've been in this summer were the three classes I've assumed were most likely to potentially drop my GPA.
0	I think though, what pisses me most off about the food delivery issue - is that he has chosen the easy "I don't have to do anything" option.
1	The turnpike was nuts, every asshole from Jersey and Connecticut was apparently heading to Canada.
4	i am usually the one reduced to laying on the big green couch in the fetal position eating leftover pizza and crying about nothing and everything all at once.
3	That was kind of funny.
3	Everyone is gone and I just cleaned up, so now I'm going to loosen up my buttons, take a long hot shower, put on my clothing and my adorable pea coat, and make my way downtown.
3	It must have been all your good lucks and have funs that did it.
3	:) Levi is really exciting to be a big brother, he thinks she is sooooo cool.
3	This is my first year of loving myself.
5	One of my most surprising observations about this whole ritual thing is how much easier it was to establish new rituals when I was on location, as opposed to being at home.
2	im afraid of what will happen if that gets out.
3	"Oh," he said, and smiled.
1	I dislike going to the dentist.
3	Killin me he is. He's a great guy and I want to marry him for his kitchen, he liked that one, hahaha.
2	Worry gains you no more minutes to  your life.
3	I think sometimes it can be easy to lose track of the idea that happiness and comfort are two completely separate entities and having one does not guarantee or equal having the other (some of the time, at least.
3	I can't wait to go on a night drive with Brian and just chill out there for awhile.
1	i dont like myself    quite frankly i dislike myself very much, dont ask why cause i couldnt tell you.
3	I also got a ton of compliments including from a couple of strippers that weren't even mine.
5	Now this was amazing.
3	You can handle high school drama.") Also, I have so many friends, and all of them are true, caring, trustworthy friends who love me and are supporting me 100%.
0	Anyhow her dad asked her then at the table but why would you be angry with your dad.
3	This is good for the odd hour shooter like me. Also, there is a 25 yd outdoor range, which accepts a variety of loads (shotgun, magnum, etc).
3	Ha!
0	because when you piss us off, we have to used measured restraint.
1	i freakin hate when you get in a bad mood and its not just one thing.
4	Sorry for the letdown, and I can't speak for everyone else, but I'd rather have this happen now than later.
4	I nodded, felt guilty.
3	i will cherish him ad love him and let him know im there and i care for him everyday that we have together.
3	and I am excited about the little booger haha.
3	This is my year to try new things and to succeed!
3	Hahaha!
3	Well Im finishing up my first week at Jubans, its really awesome.
2	Court was intimidating but I did good.
3	- I actually take notice of nice days, smells, etc. and appreciate it, appreciate the luxuriousness of things like that and let it effect me.  I don't just trample it in my Uggs.
3	Woohoo!
5	Imagine the most incredible, horseshoe shaped cove, with unimaginably blue water, and a giant stone underneath the water, hundreds of meters long and wide, adding depth to the color.
3	Vive la France!
3	Seeing the body in action was very interesting.
2	So I did and I got so panicy that I only got to the 6th page.
4	I don't know what to do about the depression and the inflation and the Russians and the crime in the street.
4	I had a long hard look at my life over the last 14 days, and to be honest I wept.
0	That does not even begin to address the loss of our civil liberties and the insidious spread of a Gestapo or KGB-like mentality that most of America just seems to be blissfully unaware of.
0	Words like that made me and Phil stop smiling, look straight at Sheldon, and say "shut up" at the same time.
1	i suck when im drunk, i just get dizzy and fall asleep, so once i was finished making an idiot of myself at the bar i dozed for hours on mikes couch.
1	but wat the HECK  does "delight yourself in the Lord and He will give you the desires of your heart", mean?
3	It was cute.
3	Win win!
3	I love skating.
3	I'm loving school at Columbia.
3	There was a fabulous sense of community there.
3	- Bart Beaty, whom I had the pleasure of meeting at the show, from his Conversational Eurocomics column on what SPX could learn from some European conventions
3	the Happiness they bring is only temporary.
3	Good news.
3	It was sooooo much fun!
3	It was pretty good.
2	While I've got every faith in my employees abilities, I wouldn't like to think about what could happen if.
5	huh, news travels fast.
1	Maybe a full case too, because the lil black pocket thing it came with is a little too snug, I have to force the lil bitch into it all the time.
0	(However you spell the Genelli part) Ah, we talked about Anri's ex and her mom mentioned how Anri was angry with her dad the one time the ex visited, cos her dad kept him busy most of the day.
4	"When the night has been too lonely, and the road has been too long,
2	I even suggest that the government has always wished us to be afraid of communism, because it goes against the very thing that government relies upon to keep it rolling: capitalism.
3	I LOVE HER HOUSE.
3	Further to that by the way, I did speak to him about it further when he said "My new food is making me feel really healthy" - yes considering he'd eated two meals of it, and then gone out to dinner, and Friday was going out to lunch with a friend.
3	It's a beautiful thing.
3	That in itself was hilarious, and made us love the show even more.
1	It's disgusting that I have to feel relieved when I find a thread that has people calmly discussing sides of an argument.
3	I also got to see some howland people i once knew (Drew was one) That was pretty cool!
0	So I kept walking straight, and the dog that crossed the street turned around and saw me and growled, I was like " oh shit Jorge, just keep walking."
3	yay!!!!
3	after the game we went to the dance where I had the best night of my life!!!
1	Finally I got fed up.
1	And for some reasons I dislike doing politic cause manipulating, mostly people, are what it does.
4	We're still together- and we still have the opportunity to make things right - - - but I'm a very patient person- and it's been close to 5 years now- and my patience is wearing thin.
3	That was one of the first things that Wayne wanted to know "hows alley, has she had the pups" I think he loves those dogs as much as me! I'll never forget the first tail that he docked by himself (it was Tuff's tail).
2	It's the dream afraid of waking that never takes the chance.
1	It's about a fucking jacket.
3	Oh well I know its something that comes along with having a baby lol.
1	messed up a Quiz in Biology which sucks.
0	Despite widespread dissatisfaction among Democrats with the Bush administration and overall Republican governance, we detect no real signs so far (at least in Harris County) of a groundswell to actually vote in November.
2	freaky.
1	It's so rude!
3	the times I have felt most free, most alive,
1	all my plans were shot to shit 'cause the cell waves were all packed and i couldn't get in touch with my friends very well.
1	I also found out that Junior year, will, in fact, be a bitch.
1	We pretty much waisted are money buying 2 Sparkled Water that we though were naasty.
2	How do you know that smoke is not from a tire, and the car could be on fire??
1	What a suck-ass day this turned out to be.
2	I remember every second, every horrific moment leaning over a toilet and puking.
5	surprising i know.
3	So last week was the Thanksgiving long weekend and it was sooo sweeeet.
3	The show is coming together awesome.
2	im worried about money.
3	So, I love 4 day weeks of school, I really do.
3	This week I am totally going to start my Christmas shopping.
0	How many times have we felt angry and as a result insulted, judged, criticized, blamed or physically hurt someone?
3	I love the song "Absolutely Everybody" ever since the parade.
1	However, for me, the more "artistic" exhibits were more of a turn off - I willingly admit that I was very attached to my cadaver in Gross, and the thought of him being displayed like that makes me a bit sick.
3	lol).
3	They did everything they could to make us feel welcome, everything from putting us up in a beautiful hotel, refusing to let us pay for anything, and making sure that our stay on their island was as enchanting as the stories always make it out to be.
4	I called home to as my mom for a ride but she said she was busy, I WAS NEAR CRYING AND SHE WAS "BUSY"?
0	I have a friend that is gonna die, probably sooner than later, and I was  angry because some of the choices he has made in the last few years have cut his time down to virtually nothing.
3	They still love me, even though I woke them up at the butt-crack of dawn.
0	Think constant arguing,  lies and deception, money mismanagement, and infidelity.
0	He in turn gave me a negative rating.
0	The plot was just full of loopholes, there wasn't even any gratuitous boobage that you might otherwise associate with a Hollywood movie that stars an entire cast of nothing but athletic women.
2	Then I think if I commit myself to this person only, what if I'm missing out on someone else?
3	I tried to pay her back, but she wouldn't let me. So I got a free spiffin' sweet green tie-dyed OVAC shirt, too.
3	- I don't think money buys happiness.
0	And the Walmartisation of the world changes markets for the worse for labour, making people a mere slot in a computerised schedule, with no regard for their free time.
3	The Eiffel Tower is breathtaking, and seeing it in person destroys its cliche and makes you fall in love with the thing.
0	I am in such a bad mood and I'm playing the blame game in my head, getting angry at people for things that are really quite trivial.
0	And then I get an equally obnoxious call.
3	My change was exact down to the last penny, what a relief that was for me lol.
2	But I do know the perils of a life devoid of ritual.
3	lol just kidding.
3	We had a great time catching up, and went out that night together as well.
3	I love it.
5	Very odd and peculiar.
2	Totally dangerous combination.
3	What they like to eat, what music they like, etc. And I don't!!
3	i'm always happy with those.
3	Vegas was a lot of fun.
0	What the hell am I going to do when I get back home?
3	lol.
0	Go find someone else to be your bitch.
3	He's like, Would it make me happy that I delete her off my friends list and messenger.
2	i don't want to burn any bridges, incase i've crossed the wrong one.
4	My facial expression was beyond hurt.
5	Haven't seen him in ages.
0	The next time I actually get you on the phone when you're not a)tired b)not in the mood or c)just plain not wanting to talk to me please don't elect to watch a movie instead of having a conversation with me. It's these types of choices that make it hard for me to justify trying to be your friend.
1	And I found out in the most annoying way.
0	I finally snapped and yelled out the door at the last two "DOES ANYONE WASH THEIR FRIGGING HANDS AFTER USING THE BATHROOM ANYMORE??"
2	we had our first snowfall just the other day, the trees have gone to sleep and finally the walnuts have stopped falling on my garage roof and scaring me when i take my still lame dog out to take a shit before bed.
3	maybe it's because she can beat the living shit out of guys heh.
3	cake ^.^ ICE-CREAM!
1	ya, i'd say that's some fucked up shit.
3	whoot.
3	but for now im going to go experience how fabulous the night sky smells.
4	I'm EXTREMELY sad to say that it looks as though The Skyline Obscura will be on an indefinate hiatus as of this past Thursday.
3	Woot I finally got an ipod with video (30g)!
3	I'm really in it just for the money ;).
0	And who would be the bastard who profits off of the destruction of my workplace and life?
0	first let me say, this is one of the stupidest fucking reasons to be (once again) pissy with someone.
5	what surprised me most (geekin' it up) was the frequency of the rumbles.
3	*huggles to you all*
1	So how the holy fuck did the cave-dwellers get a MOOSE through?
1	and that's one of the only people i highly dislike.
1	=) It was the perfect end to a crappy day.
3	I love making up stories, retelling stories, and writing down everything.
3	Should be interesting.
0	The whole way there he was grabbing onto poles and screaming like a banshee and his friend Johnny (who came along) got a swift punch in the nuts from Phil.
1	Which, just so you know, really fucking hurts.
1	Yeah, cocky, supercilious Marco Starnoni who eats as if he had been walking in the desert feasting on nothing but manna for forty years.
3	Also interesting were the cases of organs - healthy and diseased.
5	I can't believe she is FINALLY here!!!
3	Plus, this means I can get my drivers license in AZ which means it will be good for 65 years!!
1	I dislike negative, non-beneficial (to me) change in people and things.
2	* My fear of insomnia keeps me from going to bed when I'm really tired.
2	but im more worried about losing the one i love, even though i cant have her right now.
5	I did an SAT Lit practice test on each bus ride, because I am cool, and I did better than I expected.
3	which is one of the slow songs i got to dance with one of my friends Nick who graduated Mathews last year.Hes awsome we danced alot together!Luvs!
5	Didn't think she would do it, but hey!
3	Happiness comes from within - your brain is a self regulating chemical factory.
5	It was definitely a shocking experience, but atleast I can say I have ridden in an ambulance before.
1	Ew.
3	It has finally cooled down a bit which is a big relief.
3	And then, just the other day, I was driving down 470 on the way to college, listening to 105.5, and a beautiful song came on that I had not heard before.
3	They are just so cute I can't resist them although I think I am under control now.
1	I think the most important thing I can say about this city, is that all of the rumors: That the city's dirty, the people are rude, the language barrier is insurmountable, the metro is incomprehensible, you things will be stolen, that they hate Americans.
1	The show was trash.
1	Everybody hates everybody, everybody lies, talks shit behind backs, and treats people like shit.
0	I want you to get mad!
4	I felt really awful through out the whole day too.
4	Its kinda bad because I was feeling really sad/unhappy the day I baught it.
0	I was thinking about our most recent spat today at dinner and wondering why the hell everything turns out this way.
5	Eh.
3	So, I am thankful to still be alive.
3	Major Victory is entertaining, but he's got an old-school look to him, like the original Batman or Superman.
5	My brother turns 16 on Wednesday (how.weird.)
2	It is dangerous to force everything into a market mentality.
2	and I was freak it.
3	I can come through this year triumphantly and with grace.
0	Wash your damned hands.
3	but when I started thinking about things I do regularly that I enjoy, that's definitely one of them.
0	Especially when it's a bloody government cheque.
5	But all of a sudden today it's hit me that I have all this work due.
2	"It's the heart afraid of breaking that never learns to dance.
1	It is sickening.
5	She was saying how she had the same area code and that she's from Spring Valley Weird huh?
3	A glenoid-humoral joint.") Some of the exhibits were very interesting, such as  the soccer player and the skateboarder.
1	So, we've now gone over 48 hours without a fridge (hate to think what half our food is like in there!)
3	Lovely.
3	:) *sighs* lol.
1	You own a "Yankees Suck" shirt or hat.
5	The words made me think Now I have thought, and thought, and you who know me best will not be surprised that I thought some more
0	couldn't the fucking terrorists decide to get caught, you know, after i landed?
0	The well integrated, but edgy Muslim community is not so happy about this.
4	Other than that I also got a extension from my affiliate to get the fanlisiting I adopted up since the server move and etc. Meh, I miss Cassy.
1	i come home after two weeks and our place is fucking disgusting.
3	The job is really nice.
4	everything could ALWAYS be better  so ill never be happy!
4	I'll miss them and can't say goodbye properly now.
3	too much rap and not enough rock for my taste but it was all good I was just happy getting out on the dance floor and getting my groove on.lol.
3	Ha!
2	So I tell him it took me FOREVER To tell him but i was shakey and nervous to.
4	The worst part is- I love him.
4	im hearbroken &lt;/3.
3	Into something better.
3	i'm really lucky about that.
3	add some jack and cokes and a wendy's drive through and it's a REAL party!!
2	Then they fucked around with my teeth, which never hurt (except for the clamp), but I was on edge, because it felt like it was about to hurt, like any moment they might hit a nerve.
3	It's pretty cool.
3	It's pretty sweet and I feel very blessed that I have it.
0	Again, makes me so angry.
3	I've been staying at Mary's house and she keeps telling me I'd be an awesome mommy.
3	Where they will decide to place me is up to them, as long as I get the job, I'll be really happy.
4	i miss myrtle beach.
5	I sent the last one that came around off with such a red face, it was a wonder he didn't pass out!
3	So I spent the next six days in a haze of working my final tours, partying, and showing Lance the city that I had come to love so much over the last two years.
3	Thursday was like, really fun.
1	The other is appalling crap: disorganized, blatantly pseudoscientific, and misogynistic.
1	Disgusted, I dried my hands, walked out, and yelled "PIGS!" toward the Burger King where a number of them had congregated for a late lunch.
4	Things I cannnot win
3	I totally loved it, because I am a geek.
0	This last week at school was nuts- it was the first time that I can remember where I was putting in the hours in the lab, really busting my ass- classes are going well and I feel like it all ties in- which I really like.
0	And then the dispatcher was all pissy with me over some redelivery shenanigans I was doing wrong.
3	My gene pool used to lie before me like a pretty lake and I rarely gave it much thought.
2	I have considered the possibility for a while now, but I have been apprehensive, and I did not act on what I felt.
3	I adore her with all my heart.
1	Maybe I wanted to fuck with myself, which usually happens anytime I feel relatively okay.
4	in  a word, lost.
3	It's good that I'm old enough to learn lessons on my own and not from others, either by teaching or example, because people are stupid.
3	why cant i just be happy with good enough?
3	I talked to Misha earlier on MSN for the first time since I added her and yeah, it was fun I guess.
3	It's like Christmas presents in reverse.
3	Today, Chels made me a sandwhich since she loves me, and I had some soup so I feel better.
1	if i ever live with a girl, that bitch better be clean.
3	So Brandon and I were chilling out one night at home, after being out all night, and we decided to step out on the patio for a quick smoke.
3	I've been talking to Laura on the phone almost daily, and we're both very excited to see that little baby growing inside of her!
2	despite the terror.
3	I wish you all a fabulous week, and a warm and safe start to the wintry season.
3	good times.
4	*cries* Such is life I spose.
4	I don't know why, I'm just drained of energy and want to cry constantly and for somereason I don't know why.
0	I was pretty bummed out, because it meant they put a hold on my cheque, I hate when they do that, what's the bloody point?
3	;) hehehehe.
3	im done telling you about my wonderful night lol.
2	I'm so scared that everytime that I see you it's going to be my last time and I never want to leave your side.
1	So many lies about who you're talking to, where you're going, what you're doing.
1	I dislike the idea of having gaps in my ability; it's the same need for balance that leads to me trying to further develop my natural cross-handedness into ambidexterity.
1	Just because, you know, too cheesy to live.
1	HORRIBLE.
5	The three of us find our way to the Spy Museum and I'm surprised by the number of young couples who are there, in addition to the usual elderly tourists and young families.
3	- Had one hell of a good vanila milkshake at Hard Rock Cafe, lets just say it was a 'satisfying' moment.
5	Strange.)
3	and I love them.
3	I am happy with a casual, not serious, no pressure relationship.
0	You can't beat them, you can't yell and foam at the mouth, but you can't ignore it either.
3	lol.
3	We really had a ball in Paris.
1	After the movie and the subsequent discussion as to all the different ways it was just simply retarded, we came back to the house and watched TiVo.
5	They are amazing.
3	had a good chill time with team at dever's house.
0	we'll just let our governments do whatever the fuck they want because we want to brush our fucking teeth on a plane after some really bad airplane food.
1	But my beloved G.P., who usually just prescribes stuff for me over the phone, starts throwing around words like "orthopedic," "surgery," and "x-rays" and I start thinking, "oh shit!"
4	I don't feel like I ever have that kind of privacy where I can talk to God and cry and figure things out.
0	Plus, in such a secretive government, wouldn't this promote corruption?
3	I wanted to leave at intermission, but my date was really enjoying it (should have been a sign) so we stayed.
5	And I saw a house with the gate door opened slightly, and i squeezed in there sumhow sumway!!!
0	AND I'M ANNOYED.
5	But I asked him about WHY he doesn't cook for himself, and he said he just doesn't have enough time.
2	I WUZ SCARED!!!
0	Okay, if you're going to be cooler than anyone, saying that you're cooler than my mom is a fucking given.
5	I assumed that with my niece in New York and my sister working a weekend job to keep her there that it would just be my mother and I; little did I know that she invited my sister-in-law to accompany us.
1	Three hours of horror.
3	lol.
4	And sadly.
1	I don't except them to, because my Dad is taking my brother golfing (as previously stated), and my mother hates the mall more than she hates anything else.
1	cuz i hate tryin to prove myself to everyone.
3	So it was a nice trip.
3	Work is going well I suppose, most people are nice and I've been warned of which ones are better to avoid.
1	fuck i can't wait to live alone!
3	The advancement opportunities are just awesome.
4	or do I simply want to live an average American life and be remembered under a large stone in a well kept cemetery, forgotten after my immediate reletaves, children, and grand children.
2	what i was worried about, someone trying to steal money off my card, isnt going to happen.
4	ive missed it so.
2	I can handle dull aches, it's the sharp pains that freak me out.
3	I'm LOVING the call center.
0	I haven't really been going out much and it just makes me mad since I told myself this summer I'd make the best of it since I'd be going to university in September.
3	but im still laughing a lot.
4	My thoughts at the moment are somewhat melancholy, but can be completely forgotten at the push of a button mounted to an  Xbox, Dvd player, or VCR.
3	It was a nice way for me to get to stretch those theater muscles and earn a little something at the same time.
5	I can't believe it!
3	Octoberfest was awesome.
5	didn't see that one coming.
4	These questions completely depress me.
3	Appleseed is another Anime movie I loved.
3	She's amazing.
4	three very dear friends of mine have lost very important people in their lives, and i have had to be the strong one they can lean on.
3	I really enjoyed myself at SPX, that delightsome Bethesda megamall of rare and exclusive purchases and the men and women who brought the wares about.
3	I love my family unconditionally, and cherish every moment with them, even my eldest sister, who pushes me over the edge, but I have developed a certain method inwhich to deal with it.
0	then he calls again and, knowing that's the international sign for "pick up the frickin' phone," i picked it up thinkin' there was something wrong with him.
3	I cant even explain in words how much fun I had.
4	She is also very strong and keen, but carries the scars of her past.
3	luckily we won that one.
1	It's flat-out disgusting.
4	I know I'm guilty of that all the time.
1	The city is a sweaty, dirty, polluted hole.
3	even though i wasnt in the right mood, a.k.a : my mind was in portland, it was  a really good flick!
3	"I think its a wonderful idea to remake Sholay.
2	so no i wont have my head too high up my ass about it, but im noot going to sit here and think/dread it everyday either.
4	I miss you so much and can't wait to see Ginny, Sister friend and my mom in a couple months!!!
3	All I can say is, knowing Ramus abilities from close quarters Im pretty sure even Ramesh uncle will be very proud of the film Ramu makes."
1	I dislike feeling ill. Especially when I had plans for the weekend.
3	My job is going really well, and I am getting a kick out of both going to work and coming home.
0	I got mad.
5	Hm, was a bit weird.
3	hahah.
2	Afraid, confused, without a road map.
2	afraid that you will be hurt yet again.
3	Its really a testament to the vision of the ancients that in our world of skyscrapers and technical gadgetry, we are still fascinated by a two thousand year-old arrangement of stones.
0	trying to keep my rational and logical mind from straying to bad thoughts about how stupid the human race is and how religion is nothing but trouble.
0	I asked Phil, "what the hell are you doing?" and he looked angrily at me. Like I did anything wrong.
3	Besides all of that, I've been feeling great.
0	"OMFG if there is like damage.
2	What if this isn't the right person for me and I'm making a huge mistake?
0	Three angry customers; as a matter of fact, that last week alone at Pier 1 was the only week where I met troublesome customers.
3	I also saw Les Miserables for the first time, and it was fun.
4	I love him with every ounce of everything that I am- but try as I might- we just cant' get it together.
3	there was only a few of us single people there but it was cool.
0	So back on the pike, putting up with traffic, speeds picked up to well above where they should have been, things cleared a little north of Lewiston, a little more above Augusta, but it was still pretty frigging busy all the way up.
3	- Yoga at Ibiza was AWESOME, didn't want to leave!
3	This event was sooo fun!
1	Our conversations with family, friends, co-workers etc., all seem to revolve around how crappy are day is, has been, or is going to be, and it seems all like we compete with one another to see who has a crappier one.
3	They both just lost their husbands and Vegas grandma has had more time, were hoping she will help Canada grandma feel better.
0	those pegs are hard to push back in, especially the E string peg, that was a real bitch.
3	They're cute.
1	I am going to give it a try and I apologize if it's boring or ugly.
4	i used to be so sad about it.
1	That is going to suck so much.
3	The reception was a friggen blast!
4	but oh I was a bad girl and put it on my best buy card.
2	she makes me all nervous and tense!
4	but alas, they aren't (yet).
3	I was lucky enough to be able to stay with some friends to cut down on the cost, and see a different side of London life.
4	My life is falling apart and I don't mean online.
3	it was pertty goood.
3	It was a pleasant Tuesday evening in Hawai'i, Wednesday at home, Brad reminded himself automatically, and he had the doors to the balcony open wide and was sitting on the lone chair looking out over the ocean.
3	I'm chatting with someone on Gaia, they seem to have a lot in common with me n.n it's fun.
3	"What a fabulous gift for dad on his birthday!
0	I emailed the seller and told him about it and he was very arrogant and rude.
3	this amuses me so very much.
0	It's been a week and I'm still really pissed off.
3	I told her that she better get on the ball and she looked at me and yawned so maybe that was a yes, lol.
0	Three people have been laid off at the office in the past hour.
3	&amp; I think tomorrow a friend`s coming over ? Not sure who, haha kaay bye.
3	I got a black one, and oooh its so sexy!
1	I pick up my phone ON THE BALCONY and call the cops wihle I'm walking behind this joker.
3	:D lol wow.
5	The brain is an amazing tool and can be sculpted for any purpose.
0	A couple of times Sheldon would say things to him and he would get angry and tell him to shut up.
1	Im rather sick of myspace.
5	Now this was really amazing.
2	my paranoia really knows no bounds
3	We played fun baby games and caught up on some old times.
4	I'm sitting here in this lobby thing and crying and it's very embarassing but I can't help it because I just want you and me to run away and I want you to hold me for one whole night and rock me to sleep.
4	gotta milk those quarter-life crises for all they're worth.
5	He was asking all these questions that I was completely baffled by and people were just spouting answers.
1	ahhhhhhhhhhhhhhhhhhh   why do i hate life?!
2	I'm kind of freaking out about debate but I'm kind of okay.
3	And hanging out w/ Celeste and Matt was totally awesome 2!!!
2	but that scares me even more.
5	While I was in lakewood I surprised Brian and we met Scooty for lunch, suprised him too.
5	I can't believe they do that!
3	Either way, I'm thinking it's looking pretty good.
0	Who is going to buy this sort of prediction and 'futures'?
1	What will it take to rise above and leave this human ashtray that we've been snubbed into?
0	I know I shouldn't have been snotty about it but I thought it was fucking obvious.
4	Longing is not for the faint of heart, but longing will make you weak in the heart.
3	Now this was ridiculous amounts of fun!
3	I have a 99 average in my class.
3	Everyone at the table was giggeling.
1	- going on training next week can't wait to get pissed with all the graduates
3	Hahah.
2	I'm scared to death about getting a job after school.
3	lol, lets just hope I don't run out of time to complete it.
5	Really, what did make me think that?
1	i'm being a little flippant here, but i'm sure you get the point.
4	Goodbyes break my heart and make me choke on my last words.
3	It was really interesting staying with them in this little mountain village, and getting to experience a bit of what their culture was all about.
1	It was real lame.
4	Something just beyond the pain of going on alone and just beyond the bravery and courage it takes to let someone in, or let them fade away.
2	Have you ever wanted to be with someone that is a friend of the other sex but you are afraid to ask that person?
1	So anyway, Rome in general was loud, dirty and absolutely chock-full of people and cars and bikes.
2	The government wants us to be afraid of terrorists so that they can pass more questionable legislation that makes it easier to control us.
3	I was also lucky enough to be hired to direct a show for Frenship high school, which went up last Sunday.
3	It works great and I really like it.
3	you made this trip amazing and i don't know what i'm gonna do without you.
3	Anyways, on Monday I got to see some of my favourite people and that was really fun as well :) Go Augustine Inc.!
3	- Rome was fun with my best friend hanz, we managed to run out of money by the end and had mcDs for dinner at Florence
3	It feels pretty good today.
0	And he said that since he started drugs, he's a prick.
3	things make me laugh here, esp. my roommates.
3	Basically, I just want to focus on staying busy and staying happy.
3	just giggle giggle giggle thats all they do everyday all day and all they need is a boyfriend and someone to laugh with.
3	On the steps there was always sort of an impromptu party with musicians and performers and other city-watchers gathering with a bottle of wine and a merry spirit.
3	that would be pretty sweet.
3	And man, it is gorgeous.
5	Wow, I hardly ever have plans.
3	I'm in Buena Vista at these hot springs and it should be awesome but I didn't sleep one little bit last night.
0	I woke up once during the dream and was like, "oh crap, no, go back" and managed to get back to it somehow.
3	first: heh heh  heh, so appropriate fer me.
3	They still are not sure what is going on with the transplanted kidney as it appears to be "peeling like an onion", but his potassium and sugar and such are leveling out and he is feeling better.
5	And then we watched in amazement with fifty other tourists as the sun went down in front of the temple, over the Mediterranean.
1	How disgusting would it be to see 9/11 turn into a 'market'?
3	Wooo!
3	I just loved last night!!
5	But it's certainly strange how you randomly run in to people you haven't seen in years, in little hole-in-the-walls in Europe.
0	I am currently angry because I want Jarred to take me for DQ Blizzard.
3	I see everyday just how much good that company does.
3	Wow.
0	My mother truly wants to murder my father, and then gets pissed off when i don't agree with her.
3	LOL.
3	We went on a walking tour, went to the City Museum (located in an old castle, very cool), and had a good time relaxing and enjoying the AMAZING views.
2	And I'm afraid it could get ugly.
4	Someday I will be no more than slime coating the expensive, cushiony, velvety inside of a coffin.
4	You begin to prepare yourself to hear bad news and immediately go into self preservation mode to plan out your next move.
1	I also found out that Junior year, will, in fact, be a bitch.
0	so far, all you've done is to cause international travellers the annoyance of having to hand over their toothpaste and make sure their baby's formula isn't nitroglycerin by drinking some.
3	I dont know what else to say except that I love spending time w/ Joe.
3	We had a good lunch with Gino Genelli ice-cream!
3	"I love Poodie's" site is so inspiring.
3	Anywho~ Today was fun.
1	etc. or you have the folks trying to tell you that Superman was horrible.
4	These small indicators remind me that, in the Silvia Plath sense of the concept, I'm dying.
3	I love the two guys who work at that Starbucks - they're awesomely flamboyant and they told me about how Cameron Diaz came in for a latte during their shift last week (but without Justin!
3	Love NFL, love live, it only makes sense.
3	The general public also has a chance to look at diseased organs (something usually reserved for pathologists, who, I've noticed, seem to get *very* excited over things like polyps and necrosis.)
3	We had a wonderful time.
0	im just annoyed.
2	And the soul afraid of dying that never learns to live.
1	Like Alice in Wonderland on a bad acid trip fucked up.
2	I feel more at ease now that I kind of know what I want to do with my life, but more scared because I feel like everyone is a step ahead of me. I have to admit though school has me freaked out about my future.
1	That one chick I dislike with a passion because I think she is obsessed with Gareth and really likes him.
1	Let me see - golf, sitting on a beach drinking coffee, bitching about money, being a complete elitest snob.
4	It's pretty awful- there's not much else to say about it.
3	YAY!!!
3	Fortunately, my test results came back negative for both gonorrhea and HIV.
1	No, not the new first season, the William Hartnell black and white forty years ago suck it I'm the first Doctor first season.
3	I can come through this year triumphantly and with grace.
0	I'm not going to go into specifics here, but it almost always ends up in yelling and tears.
3	I need a nap though I will tell you that lol.
4	I've burned a lot of bridges and engaged in decisions which have hampered my ability to be trusted as much as I'd like to be by some of my friends, and likewise, there have been things which have altered my ability to fully engage some people as well, be they circumstacial or environmental or whatever.
2	I can't wait, but I'm nervous as hell now.
4	more often you find things to bring you down or worry about.
3	And the funniest part, the two statues said they were donated by New Zealand.
1	it just sucks when everything youve known for years just disappears.
0	when you annoy us long enough NO ONE WILL CARE ABOUT RESTRAINT.
3	It goes back to that whole journey vs. destination idea, in that some people only mark success by arriving at a goal, while others are capable of enjoying the efforts required to reach that goal as well.
3	I am always so happy after talking to him!
4	I feel so lost.
1	Horrible.
3	Visiting Bard was like a warm blanket.
2	I was scared to see him with a knife.
3	* When I'm NOT working, I have been known to take myself to brunch on the weekends: just me and whatever novel I'm currently enjoying.
3	Love NFL, love live, it only makes sense.
3	My friend Misty brought her cute new baby girl, Jamie!!
2	My mother was there for me the whole time while I was scared to death, losing consciousnes, and fearing for my life, and I will always remember that.
5	I have a job where I have come to know some amazing people who have such potential, but possibly will never get to put it to any use due to the cirumstances of the choices in life.
0	The second reason I was pissed was because not only was my friend is dying from this disease and has had it the entire time that we have been friends, but to my knowledge has not taken the appropriate care of himself that a person with HIV should be taking.
5	That's odd though, as I don't usually care for dressy occassions.
4	And because I am such a perfectionist the negative rating had me bummed for awhile but now I am better.
1	I've considered not coming home for holidays to see my family because I dislike this town so much.
0	"YOU LIKE ALMOST HIT ME OMG." she said, tossing her dyed blonde hair like an enraged horse, nostrils flaring.
5	People stare as I dangle my feet into the lake in October.
1	People are just rude and selfish, and I know I'm victim too, but I don't want to be like that.
3	:( at least I had a blast!!!!
4	But other than that, I feel really alone right now because it's Friday and I'm home!
2	I wanted to wipe the green-and-purple whiskers off with my hands, but was afraid of making it worse, so I didn't do anything.
1	Sucks for Levon but he said he wouldn't let me drive with the trailer anyways.
3	"The most wonderful gift that dad got this birthday was the love ofamitabh-abhishek09.jpg his fans that he gets every year.
3	I was excited to see it as I have a fondness of cadavers (blame Gross Anatomy) and really wanted to get another shot at some up close anatomy viewing.
3	It feels so nice after a long workout.
3	Today rocks!
3	well, give me two weeks and i'll be out of here but for now, it's good.
4	society has become just one big stress pool.
3	I'm starting my argument on illegal immigration (which I may say is turning out fantastic with the first two praragraphs I have), and I finished one of my US History charts, and I plan on outlining a bit once I start watching America's Next Top Model.
4	Ill miss you always forever and ever.
5	I just stood there in shock!
3	Those evenings on the steps are some of my favorite memories from Paris.
3	The people are absolutely LOVELY.
0	Mind you, I've been treated like the asshole of the house for the past couple of weeks, and I didn't even do anything at all to deserve it.
3	I can honestly say that was the best Homecomg ever!!!!
3	So, if you would like to contribute to the "make me smile" foundation", let's party!
4	Just at the mere thought of the source of longing makes you want to cry, to sob out the truth of your heart?
4	Its soooo sad b/c it was my last one.
1	actually thats the only person i highly dislike.
0	so fuck off.
0	kill something.
3	It's a pretty breathtaking sight.
4	and it's killing me.
3	the only thing im sure of at this moment in time is that life is beautiful and i am just so satisfied and so content.
1	Horribly acted, horribly directed, weak script.
3	P.S. If you don't understand exactly what I did (it's a bit technical), just know that it was impressive and I rock.
1	and anything she says, no matter how sweet the voice is is nasty and mean spirited!
1	i suck , completely and thouroughly suck
1	One such being the slight civil annoyance of another commuter's feet riding pride high on the train seats.
0	By stating our feelings and needs to others we avoid blaming and criticizing them.
3	hehehehhe ;) neeeways.
0	go to their houses and smash their faces in because they like to aggravate.
4	It's a depression.
1	Urgh.
3	with a smile ofcourse.
3	We as a family are truly honoured.
3	I had a really nice conversation with Juckett, another amazing one with Phil, and then another one with Solomon.
3	Yes, injuries can happen but, as a former catcher, it's the most exhilarating play in sports.
3	They all complimented on it.
2	Regardless of my temporal status as far as my brother is concerned, time still moves ahead at a frighteningly rapid pace.
1	Sorry for the rather crappy update, will try to do a proper one later.
5	Cyprus was amazing.
4	The recruiter comes in the office with a look of sadness and disappointment.
4	and stress.
0	I am, quite honestly, furious and they WILL be getting an angry letter from me, even though won't care, I'm sure because as much as they would like you to think that they aren't part of the "machine" they are.
3	Good to love life.
0	I started talking to him about why he was so mad, and he said "you called me retarded", and I explained that he was being a prick.
3	offered to give us her fridge (woooo!).
2	Not to mention I find her to be incredibly intimidating(sp?)
4	I didn't mean to hurt this person at all.
3	LOL.
3	I am so proud of my sister.
3	but they make my time at work memorable.
0	Then they were cutting this damn tree down, and they made me go with then by dragging me over since I didn't want to go, and when I tried to sneak away.
0	AARRGGHH!!!
0	Poopy poopy poopy.
4	I'm losing enjoyment out of things I love to do and thats never a good sign.
2	They want us to be scared of protesting and dissenting in the name of freedom, because there are more of us than there are of THEM.
4	I feel kind of bad."
3	Its fantastic.
5	The period ran smoothly under my direction most suprisingly to me. I actually liked being thrown into the situation without having prior knowledge.
3	I pride myself on listening to a wide variety of music.
3	*smiles* he said I looked cute as always.
3	The OT whoring now is to make enough to pay bills on time, not to buy new and fun things.
2	My worst fears have been personified.
5	I get a jolt of something REAL loud and it makes me jump.
2	There would be a constant trepedation that there is no gold at the end of that rainbow.
3	Do they know how lucky they are - to find contentment without looking.
1	It looks like somebody puked up several golds and pinks, and then pasted it on a canvas.
0	Perhaps I am just being petty, but that did really annoy me.  It absolutely outrages me as to how evil, and canniving these people are.
0	However, the playful, devil-may-care part of me tells me to fuck em all and go to London to watch movies with the Furs.
5	I believe she entered in $17.88, instead of $18.88, so I got an unexpected discount.
3	It was definitely a good night of conversation, although I did stay up until 12:30, and I payed for that this morning in 1st period (Physics)
0	When others are angry or upset with us we can also use this technique on them.
5	And then we realized- there was Mass going on!
2	While I have no doubt whatsoever that my equipment is clean and disease free (I devote at least as much attention to cleaning that as I do my hands; any women dating these boys should be weary of the possible filth that probably accompanies sexual relations with him if he can't even take care of his hands), I cannot say the same for others, and cannot vouch for where their hands have been prior to touching the same surfaces that I have, such as the toilet seat, flush lever, and door handles.
4	i miss hugs
0	I forgot how demeaning BME classes are.
3	Amazing.
0	GOD are they annoying me.
1	Whereas you go on there, on one side there are people constantly saying that pirates sucked, and that nobody is allowed to like it because it sucked and it was horrible.
0	Our first conversation was an argument in English class.
3	I love my "nap and story time with BooBoo every afternoon."
5	The odd thing about Body Worlds is that it goes from being an anatomy exhibit to being a sort of Cadaver Carnival of Bizarre Art.
4	Hurt by the world of friendship yet again.
0	Knowing the majority's aversion to confrontations and speaking out, a ride with the feet up on the seats can usually last the entirety of a journey.
3	She's always been one of my favorite video game characters.
4	Maybe I was nostalgic.
0	As of late, it seems that everything my parents do, they do it just to annoy me. They're great parents.
4	i'm so down right now i can't be anymore upset.
1	I'm definately done bitching for now.
5	This surprised me, because I know from TV ads that Ron Saxton is running for something or other.
3	Point is it was exciting.
0	thus getting myself more pissed and less willing to finish what i was just trying to say.
3	So, all-in-all, pretty good, right?
3	We went to Versailles, we went to Notre Dame, and on a fabulous bike tour.
1	Ew, we had this really crappy sub.
2	From the "Red Scare" and the Communist witch-hunt of the 50's with Senator Joe McCarthy aggressively pursuing perceived threats to the safety and security of America, to the current fear and loathing of so-called communist countries such as North Korea, Cuba and China, actual communism has never, ever existed.
0	Hey assholes, explain to your children where their cold sores came from: "Daddy didn't wash his hands in the restroom, then he cleaned the ketchup off your face, and now you have herpes."
2	Today, I was pulled out of a meeting by our building manager, who was in a blind panic.
3	Another slight parallel I find amusing: Jason played Heracles in Alcestes last year, just as I am playing Hippolyta in A Midsummer Night's Dream.
1	I'm still being bothered by the craziest smells.
3	lol.
2	OF course I was stressing it too much because as the day proceeded, I began to feel myself becoming more and more comfortable with everything.
5	Some of my girlfriends have found it a little strange; I think it's one of the reasons they break up with me in the end, as if they need anymore reasons.
5	The city is incredibly beautiful, tucked into the Alps and right on the water.
3	the dance was awsome.The music was really cool.
3	I take a seat in the armchair across from Karina, and while she's talking, a face appears in the window behind her, grinning and waving enthusiastically.
3	I will be glad when my mom gets here so we can go to wal-mart and then I can come back home and take a little nap.
3	I started callin myself Aki-sama XD It's fun.
5	Oh and the food is incredible.
0	gudam, why did i waste so much time on his sorry ass?
3	Good deal.
4	Not only all that, I ended up calling Aubrey, and ending up balling like a baby, because I really do miss her and everything we used to have.
3	Loved London.
1	which of course, makes me feel nauseous.
3	haha We did the Cha Cha slide and we were all so close together.
3	The conversation was funny, I mentioned that if the word got out about our plans we'd have to escape the earth to avoid the police, HOLY/HOLD, the military and etc and yeah XD J.C. suggested she could try and make a ship but then I suggested we could sneak into NASA and steal a rocket.
3	It actually was quite a bit of fun.
0	Sorry for the ranting post, but I'm just really annoyed that here I am, struggling with all my internal demons about my weight loss, and someone like this, with no concept of struggle, can just pay someone to lose it for him.
3	I hope all of you are well; that you have made it through the summer, and are excited about the upcoming (rapidly approaching) holiday season!
3	Home may be where you hang your hat, but happiness is sometimes found far from home or in the last place you'd even expect to look for it.
1	It kind of sucked.
3	Oh and also, I'm listening to an audio book of "The Time-Traveler's Wife" and loving it.
3	It was SOOOO nice to see them.
3	We won by several of points.
3	And the parents' club decided to pay for our breakfasts, so I got a free buffet!
4	I'm starting to fray at the ends- the next step is to break- somethings gotta give and I'm pulling with all my might to keep everything together.
4	I'm missing everyone in Wisconsin with the Blue Stars, and sad that I had to leave early.
5	"Really?"
3	I was psyched.
3	Friendship works the same way- some people only appreciate friendships which are productive and goal-oriented, whereas there are also friendships that meander along the way, and each moment can be as interesting and rewarding as the ones before and after.
3	On the otherhand, if I feel happy because I have spent time with my family then my need for connection has been met.
3	it was hilarious.
1	And interminably long!
4	So, tomorrow's gonna make me a little sad.
5	Everything from trying to order a baguette in the morning (my Francais is tres terrible) to asking directions or talking to cabbies, we were always pleasantly surprised at how open and welcoming they were.
1	They didn't like me very much.
1	- Felt sick eating crappy canteen food, but now back into the bad diet of coffee, shift work, and eating Shwaba on edgware rd.
1	Everybody call me. Just letting you all know I suck at at tests.
3	the times we have been at our best, have shone brightest,
3	I do love the Chun Li pictures I found.
0	or convert everyone to Islam, or just blow you up one by one in a fucking plane, train, or automobile.
3	As noted in the latest issue of US News &amp; World Report, new polling has Republican insiders feeling pretty darn good about turning out their folks this fall, with confidence that they will vote to return their party's elected officials to power.
4	He goes on to describe her in later years as unhappily married, fat, and sullen.
3	the trip was fantastic, plimoth was old and there were real live pilgrims everywhere, salem was cute and adorable but very touristy, ithaca was gorgeous and adorable and joel was there so the whole thing made me very happy and clearly that was the highlight of the trip, niagara was fantastically beautiful but boring once you've seen the falls, buffalo was sketchy but had great wings and now im home, and i think it's the most wonderful place ive ever been and i dont ever want to leave!
0	The argument goes that anger nationally over rising gas prices and health care costs, a protracted, expensive war with no conclusion in sight, and a perception among religious conservatives that George W. Bush has failed to deliver on the social issues that motivate them has taken a toll with GOP base voters.
0	Wayne says that the tension is unreal.
3	My life on the weekdays is tae kwon do its what i was born to do i love i there i love to teach people who want to be taught.
2	On a more serious note, just open up any paper or online news provider and you will find things that *should* alarm you, and which definitely are bothering me! Here is just an example from Yahoo News:
3	The best part is, I shoot pretty well there, and the lighting is really good.
0	" She threatened.
1	I hate going to the dentist, well hate is a strong word.
0	Bitch.
3	I'm excited to go I always like to go to different concerts and plus it will be nice to go out and do something fun.
3	And the city itself really is lovely, in it's own way.
4	*sighs*  I have a bad habit of hurting people before they can hurt me.  Like if I think that someone could and might hurt me then I hurt them first.
2	Perhaps I'm being an alarmist, but the loss of privacy and personal freedom in the name of "security" SCARES me. I am fine with heightened security at airports.
1	And I hate these mistakes I do.
1	Now I'm on my political soapbox, so if you find opposition to the Republican regime distasteful, feel free to exit now.
3	Our one year wedding anniversary, we had Landon this month,David's birthday today,other family members birthdays that are this month,halloween and tons of other stuff lol.
4	For instance, if I feel sad because I have not seen my family in a long time my need for connection has not been met.
4	It can be ego-crushing when no one comes to buy anything.
3	:D!
1	Gag, enough on that crap.
5	You explore for a little bit, then WHOOPS!
3	Earlham is also making me feel more happy than I feel at home.
3	i got some great presents and had an awesome 16th birthday.
5	The hordes of people would change from day to day, for instance there was a three day period where we had over 90,000 Swedes in the city, leading up to their dramatic defeat at the hands of Zeh Germans.
1	It sucks, and it takes effort to keep a swerving friendship from heading down these sort of paths, but the effort far outweighs the consequences of failing to do so.
3	We hung out in his car for the rest of the day talking and laughing.
1	Oh shit, day by day update.
3	HAPPY BIRTHDAY JAMIE!!
3	Now that was fun.
1	Frenchie Fucked Off.
1	Man.  I hate it.
3	Thank you everyone!
3	So, ok, this happened like week before last, but I thought it was funny enough to mention today.
3	Everyone there is amazing its like my second home.
1	People like him bug me, not because they disagree with me, but because when you disagree with them, they resort to insults, and we all know how men need to have big balls and can't lose to another man, people always fall into a fight, or as it's known online, a flame war.
2	She is afraid to.
0	which is worse than pissing us off.
3	Well, not so much an orgy, but really rather amusing!
3	The fireworks were beautiful.
3	Exciting, no?
3	Woot.
3	So to a French cafe for the France-Swiss game, a Tapas bar when Spain played, drank Caiprinhas with the passionate Brazilians, etc. It was a colorful and hilarious way to take part without fighting the crowds.
4	Really starting to lose it.
3	The Coliseum (or Colosseo) was awesome.
3	hey I'll be a rich individual.
1	i mean i have my reason to dislike someone and you shouldnt question them cuz you arent me and you dont know and just stop.
5	So imagine my surprise  when I was about to engage in activities with him and saw an of color coming from you know where.
2	For those who feel powerless and fearful of repercussions, yet want to take action, there is always something more grating than knowing someone either cannot read or show respect for public seating areas.
4	The Germans have passed similar laws, much to the dismay of its large Turkish-Muslim population.
4	its just kinda just a bunch of little things and then you get sad and you just want to go cry and just be away from reality.
5	so i've discovered a new superpowe (and yes i do have others).
2	He called that threat "more evil, or as evil, as Nazism and probably more dangerous than the Soviet Communists we fought during the long cold war."
2	And for what it's worth I agree with them, it makes me nervous too.
2	I almost died.
3	This goes to show you have a bigger heart than I, Mango dearest.
1	To suggest that a couple of disorganized idiots trying to replicate Yousef's 1995 plot is more evil and more dangerous than what they did is beyond off-base, beyond stupid.
1	So I'm not doing shit unless absolutely necessary.
3	anyways i wont b here all weekend i will b in penn state with a bunch of male bleeders and my brother lol so there ttyl byes
3	but will joyfully be picking the other one up today.
3	Well, any advice on writing would be appreciated.
3	I'm excited to move in!
0	Isn't it aggravating when someone is practically demanding you to hang out with them?
0	and me with my explaining skills wont show her how what she just said stung!
3	finding this out is almost as fun as finding out the effects of placing one's hand down a working garbage disposal unit.
2	The pessimist in me awaits the phone call from the police or hospital or nuclear plant etc telling me the worst, crushing my hopes of a better tomorrow.
5	Our first composers were mostly supported by the church (surprise!), and religion influenced early classical music more than any other source.
3	We offered to do Aaron too, but he just laughed and shook his head.
0	its your fault, it really is.  so when i'm standing in line, or waiting around, i'll be thinking of you.
4	I was sad, but I helped him move his stuff.
4	very disconnected to everyone and everything, not sure where to go from here.
4	I'm tired of broken promises- and empty dreams.
0	Some aggressive people with mean faces and nasty attitudes staking out their turf, telling us to move along.
3	We'll just have to drag her down to the rink one of these days, lol!
3	so we went and it was nice to be there!
1	No, I'm not a stupid chick for those of you that may be wondering.
4	being alienated, being alone.
3	On the plus side, the home tour put me in the holiday spirit.
4	My mouth hurts soooooo much.
0	so fuck off.
1	i consider myself a nice person and i should have the right to dislike some people.
5	So they thought they were going for 12 and Wayne thought he was going for 10 and then one day BOOM they are staying for 16.
3	We just celebrated 3 great months on the 8th, and last night we carved pumpkins (she brought me a pumpkin, it was pretty sweet).
1	It makes me sick that my trainer is 24.
3	Then there were the Brazilians, everywhere, singing-clapping-dancing-taking pictures, and of course the pale and pasty Brits with their cock-eyed stares and drinking songs.
5	I jump, shrieking a little before I realize it's only Kubik.
